time,open,high,low,price,vwap,volume,currency,log_return
2023-02-07,1615.25,1677.30,1610.97,1672.4,1648.09,34980.30665900,Ethereum,
2023-02-08,1672.00,1698.00,1630.77,1650.33,1664.85,27590.55606086,Ethereum,-0.013284452585117464
2023-02-09,1650.32,1655.53,1522.11,1545.17,1587.13,52001.53133073,Ethereum,-0.06584133125610349
2023-02-10,1545.00,1554.20,1492.00,1514.17,1525.71,33712.24623542,Ethereum,-0.020266502610465476
2023-02-11,1513.01,1543.65,1503.33,1539.21,1524.19,21278.24094838,Ethereum,0.016401863741110786
2023-02-12,1539.21,1548.00,1494.22,1515.78,1532.75,27348.14078314,Ethereum,-0.015339139833768818
2023-02-13,1515.78,1525.14,1463.88,1506.35,1488.93,33257.12972824,Ethereum,-0.006240651861327935
2023-02-14,1506.66,1569.43,1486.38,1556.33,1530.56,32836.86309680,Ethereum,0.03264097943754639
2023-02-15,1556.65,1680.00,1544.00,1675.76,1607.20,31588.63579501,Ethereum,0.07393630818322683
2023-02-16,1676.75,1745.73,1634.17,1638.0,1692.50,58756.37463265,Ethereum,-0.022790808284496
2023-02-17,1638.00,1721.35,1630.69,1694.19,1673.57,37528.59736111,Ethereum,0.03372876507616493
2023-02-18,1694.25,1715.15,1680.43,1692.4,1693.38,16721.86657501,Ethereum,-0.0010571106432671997
2023-02-19,1692.04,1726.55,1667.18,1681.86,1696.31,13360.03982717,Ethereum,-0.006247316022127637
2023-02-20,1680.74,1719.43,1651.09,1702.65,1697.21,14239.01695394,Ethereum,0.012285537045673353
2023-02-21,1702.64,1716.12,1637.57,1659.15,1676.06,23128.48851510,Ethereum,-0.025880437853085195
2023-02-22,1659.14,1662.44,1596.24,1643.39,1628.84,28689.11699038,Ethereum,-0.00954424148364279
2023-02-23,1643.40,1678.00,1628.61,1650.54,1652.12,31354.05642040,Ethereum,0.004341325547131318
2023-02-24,1650.54,1664.52,1575.00,1607.87,1621.81,34315.98976133,Ethereum,-0.026192185380289747
2023-02-25,1607.86,1608.58,1558.29,1594.81,1588.51,15981.55437619,Ethereum,-0.00815571483329977
2023-02-26,1594.51,1650.00,1586.79,1641.54,1616.97,14524.04828427,Ethereum,0.028880218734619136
2023-02-27,1641.64,1665.00,1609.37,1633.5,1638.20,20589.03206280,Ethereum,-0.00490987355976638
2023-02-28,1633.51,1647.76,1597.07,1603.78,1627.15,16386.11888990,Ethereum,-0.018361609128793182
2023-03-01,1605.54,1669.48,1596.00,1665.22,1646.62,18342.27264224,Ethereum,0.037593903905663466
2023-03-02,1665.21,1677.63,1620.14,1648.13,1641.55,20834.93642487,Ethereum,-0.010315934964571645
2023-03-03,1648.04,1649.10,1542.13,1569.68,1570.63,22518.44527954,Ethereum,-0.048769534941577285
2023-03-04,1569.65,1577.68,1549.42,1566.58,1563.78,6522.67475427,Ethereum,-0.0019768775609027333
2023-03-05,1566.82,1588.36,1554.23,1564.5,1570.92,6729.46166360,Ethereum,-0.001328615242006707
2023-03-06,1564.10,1581.98,1555.55,1566.0,1568.83,7219.72370995,Ethereum,0.0009583134418115972
2023-03-07,1565.99,1583.63,1529.22,1561.47,1559.15,21135.43606813,Ethereum,-0.0028969123080430526
2023-03-08,1561.47,1569.72,1525.01,1532.26,1552.50,12547.52768837,Ethereum,-0.01888391554802209
2023-03-09,1532.06,1545.12,1409.64,1438.15,1482.02,39401.65757013,Ethereum,-0.06338620430995112
2023-03-10,1437.61,1448.08,1370.00,1430.0,1412.86,74543.58327086,Ethereum,-0.005683121130779219
2023-03-11,1430.00,1489.27,1415.01,1483.38,1455.74,64379.38772383,Ethereum,0.03664882341750393
2023-03-12,1483.59,1607.72,1460.43,1591.57,1529.14,59473.31029668,Ethereum,0.07039768274664833
2023-03-13,1591.71,1701.24,1570.56,1680.0,1638.04,91780.70827608,Ethereum,0.05407284297919927
2023-03-14,1679.99,1784.65,1666.00,1705.56,1723.95,85701.29606937,Ethereum,0.015099709141616059
2023-03-15,1704.84,1721.31,1616.00,1656.38,1666.00,48414.99821664,Ethereum,-0.029259004318573832
2023-03-16,1656.38,1696.20,1639.00,1677.09,1658.92,33887.36316270,Ethereum,0.012425650425795572
2023-03-17,1677.14,1802.25,1667.00,1793.22,1737.04,47427.21947150,Ethereum,0.06695273781853948
2023-03-18,1793.30,1845.73,1750.00,1763.03,1802.70,60971.00028061,Ethereum,-0.016978966762355573
2023-03-19,1762.72,1845.47,1762.39,1785.14,1807.94,32397.63744922,Ethereum,0.012462923808383002
2023-03-20,1785.91,1807.29,1728.25,1735.84,1766.00,36928.28389372,Ethereum,-0.028005397436568703
2023-03-21,1735.83,1837.02,1723.44,1804.51,1783.49,36354.61774683,Ethereum,0.03879764069464983
2023-03-22,1804.17,1825.10,1713.49,1737.51,1775.45,47787.48187162,Ethereum,-0.03783603295072202
2023-03-23,1737.85,1858.45,1732.69,1816.15,1796.00,34753.38995301,Ethereum,0.04426582205099367
2023-03-24,1816.06,1821.66,1728.01,1751.48,1770.05,42727.05684018,Ethereum,-0.03625773108061483
2023-03-25,1751.67,1765.48,1715.04,1743.67,1741.49,16205.44082418,Ethereum,-0.004469057407406017
2023-03-26,1743.57,1801.26,1740.60,1775.66,1770.26,21463.39463503,Ethereum,0.01818009740238084
2023-03-27,1775.66,1781.47,1686.50,1715.42,1730.17,36764.97642313,Ethereum,-0.03451423620680828
2023-03-28,1715.39,1794.79,1697.53,1772.99,1748.62,36614.52496781,Ethereum,0.03300943832376384
2023-03-29,1772.99,1824.00,1772.99,1793.31,1800.75,47244.06707413,Ethereum,0.011395687350280558
2023-03-30,1793.10,1828.67,1762.80,1793.71,1794.51,27212.88950260,Ethereum,0.00022302635706412342
2023-03-31,1793.53,1846.56,1780.78,1821.86,1815.44,25129.01952690,Ethereum,0.015571856621083395
2023-04-01,1821.82,1841.75,1810.00,1821.06,1820.41,10257.26351981,Ethereum,-0.00043920811484202485
2023-04-02,1821.07,1824.00,1772.50,1795.01,1802.58,10157.40202498,Ethereum,-0.014408156176461927
2023-04-03,1795.23,1839.69,1763.00,1809.72,1801.56,35816.22066779,Ethereum,0.008161544223092022
2023-04-04,1810.75,1891.54,1802.99,1871.99,1855.89,46077.60630419,Ethereum,0.033829898982333774
2023-04-05,1872.00,1942.00,1865.04,1909.02,1906.89,29953.57099588,Ethereum,0.019587985217306106
2023-04-06,1908.95,1909.05,1854.11,1873.13,1877.50,19380.34244245,Ethereum,-0.01897919295686598
2023-04-07,1873.10,1883.11,1840.91,1864.43,1861.88,10718.56124814,Ethereum,-0.00465545206663656
2023-04-08,1864.62,1879.00,1848.00,1849.63,1864.83,7975.66702518,Ethereum,-0.007969757267027703
2023-04-09,1849.76,1874.20,1825.48,1859.61,1846.94,14975.79741797,Ethereum,0.005381169232805176
2023-04-10,1859.69,1920.00,1848.00,1911.15,1879.78,24886.60393224,Ethereum,0.02733836679299092
2023-04-11,1911.02,1938.33,1883.54,1891.99,1911.28,26083.45545985,Ethereum,-0.010075969909906014
2023-04-12,1891.44,1934.56,1855.00,1917.94,1896.89,30950.27346074,Ethereum,0.01362250818245258
2023-04-13,1918.45,2025.30,1902.00,2014.28,1980.94,44512.83399801,Ethereum,0.0490101180594437
2023-04-14,2014.23,2130.00,1967.21,2101.92,2096.05,58025.71468143,Ethereum,0.04258940129370811
2023-04-15,2101.92,2113.55,2072.84,2092.1,2098.07,13822.38730528,Ethereum,-0.004682866531595411
2023-04-16,2092.20,2141.07,2075.37,2119.97,2108.97,14143.70512817,Ethereum,0.013233591432933612
2023-04-17,2119.87,2121.59,2057.24,2076.45,2082.94,24263.06187965,Ethereum,-0.02074223282068273
2023-04-18,2075.43,2124.35,2049.48,2104.5,2093.39,21535.85699744,Ethereum,0.013418204408771754
2023-04-19,2104.51,2104.73,1923.95,1934.82,1996.89,45611.22137869,Ethereum,-0.08406361032948857
2023-04-20,1933.93,1983.22,1910.00,1943.63,1945.15,30689.04705161,Ethereum,0.004543059806236431
2023-04-21,1943.22,1956.74,1827.72,1849.26,1888.04,34113.93824725,Ethereum,-0.04977179963634247
2023-04-22,1849.27,1887.36,1843.72,1874.22,1861.32,10905.88750678,Ethereum,0.013407013801475813
2023-04-23,1874.37,1882.00,1835.72,1861.89,1854.66,15305.80258838,Ethereum,-0.006600472022649068
2023-04-24,1861.89,1889.00,1807.98,1841.5,1847.80,21718.34131127,Ethereum,-0.011011643944737571
2023-04-25,1842.00,1878.31,1803.69,1865.9,1830.64,24917.40567957,Ethereum,0.01316305351808327
2023-04-26,1866.34,1964.14,1787.00,1866.14,1892.04,59957.86241536,Ethereum,0.00012861598500052407
2023-04-27,1866.15,1940.15,1861.86,1908.78,1903.04,41127.29024311,Ethereum,0.022592168113463977
2023-04-28,1908.73,1923.59,1875.11,1892.7,1902.05,20958.85090576,Ethereum,-0.008459913456794418
2023-04-29,1892.70,1919.30,1884.59,1908.26,1902.38,6701.72923328,Ethereum,0.008187451023486354
2023-04-30,1908.39,1939.00,1866.65,1869.58,1913.49,17871.96621548,Ethereum,-0.020478025376325953
2023-05-01,1869.58,1885.96,1805.98,1831.76,1836.27,25214.55391964,Ethereum,-0.02043655340659215
2023-05-02,1830.83,1882.36,1823.24,1870.55,1857.21,20168.82466767,Ethereum,0.020955251966133143
2023-05-03,1870.90,1915.97,1843.71,1905.0,1873.67,23725.50939416,Ethereum,0.018249503309226332
2023-05-04,1905.00,1917.00,1867.18,1877.29,1891.60,31049.76418764,Ethereum,-0.014652761043798786
2023-05-05,1878.07,2025.00,1876.59,1995.34,1952.78,34941.64421685,Ethereum,0.06098521435125206
2023-05-06,1995.50,2019.90,1864.11,1899.85,1930.42,30401.57441935,Ethereum,-0.04903952619865143
2023-05-07,1899.86,1936.00,1871.58,1873.24,1910.53,17004.88079648,Ethereum,-0.014105383755193287
2023-05-08,1872.11,1885.00,1812.00,1848.86,1848.69,41701.62259378,Ethereum,-0.013100318997501277
2023-05-09,1849.25,1862.60,1831.54,1848.17,1845.04,20026.72244367,Ethereum,-0.00037327260423170884
2023-05-10,1847.86,1888.97,1792.02,1842.0,1847.74,38340.02190834,Ethereum,-0.0033440224974247207
2023-05-11,1842.00,1842.36,1770.71,1795.4,1801.59,25435.94329901,Ethereum,-0.02562409949266399
2023-05-12,1794.98,1816.45,1740.00,1808.26,1773.23,34181.15427087,Ethereum,0.007137218600275807
2023-05-13,1808.23,1816.45,1788.00,1796.22,1801.13,10941.75461366,Ethereum,-0.006680600130478131
2023-05-14,1796.08,1824.98,1790.98,1799.85,1803.23,11786.48061238,Ethereum,0.002018871286121626
2023-05-15,1799.89,1847.90,1785.80,1816.64,1827.92,26209.15789997,Ethereum,0.009285312903853885
2023-05-16,1815.81,1831.00,1796.63,1823.92,1817.18,24857.21168214,Ethereum,0.003999390040929907
2023-05-17,1824.07,1835.92,1782.95,1821.75,1812.39,19543.84757734,Ethereum,-0.00119045347289982
2023-05-18,1821.79,1831.73,1772.15,1801.01,1807.29,18591.33115391,Ethereum,-0.01144995891900092
2023-05-19,1801.00,1829.00,1797.61,1812.66,1813.02,11355.37731966,Ethereum,0.0064477610634236385
2023-05-20,1812.66,1830.00,1807.49,1820.0,1816.84,12244.34534132,Ethereum,0.004041121376026707
2023-05-21,1819.79,1828.55,1796.68,1804.26,1810.53,6230.34570666,Ethereum,-0.008685965664647834
2023-05-22,1804.79,1826.89,1791.93,1817.45,1814.14,10108.83280042,Ethereum,0.00728388430669693
2023-05-23,1817.63,1873.34,1815.35,1854.24,1851.55,16348.20856496,Ethereum,0.020040488873190727
2023-05-24,1854.12,1854.13,1777.83,1799.75,1806.42,22658.67942886,Ethereum,-0.029827142236668526
2023-05-25,1799.83,1818.00,1761.43,1805.83,1790.59,15918.02934956,Ethereum,0.0033725535214224056
2023-05-26,1805.83,1838.20,1796.30,1828.55,1824.24,12407.24761575,Ethereum,0.01250298316289543
2023-05-27,1828.81,1835.99,1813.51,1831.12,1827.04,6641.68957707,Ethereum,0.0014044984506627245
2023-05-28,1831.13,1920.00,1824.33,1908.51,1870.61,25555.28725800,Ethereum,0.04139503140421952
2023-05-29,1909.83,1929.26,1873.65,1892.81,1902.17,18950.42459866,Ethereum,-0.008260335500085961
2023-05-30,1892.95,1917.36,1881.72,1900.81,1904.28,11258.76468405,Ethereum,0.004217613708721531
2023-05-31,1900.80,1907.88,1843.65,1873.59,1869.33,25630.14702200,Ethereum,-0.014423734586569873
2023-06-01,1873.88,1888.66,1838.01,1861.48,1862.67,20253.61770570,Ethereum,-0.006484506279260825
2023-06-02,1861.21,1914.75,1847.19,1907.25,1891.01,24966.62692218,Ethereum,0.024290543738921488
2023-06-03,1907.25,1909.90,1883.49,1891.99,1900.58,10601.22069413,Ethereum,-0.008033228784745123
2023-06-04,1891.98,1915.04,1884.90,1889.99,1899.57,10334.51537192,Ethereum,-0.0010576471511939537
2023-06-05,1889.77,1890.52,1777.00,1810.64,1831.44,40407.55530339,Ethereum,-0.042891164112929286
2023-06-06,1810.83,1898.00,1796.35,1883.98,1847.03,31540.04123606,Ethereum,0.039706186447238244
2023-06-07,1884.36,1896.55,1821.40,1832.32,1852.90,21886.75042360,Ethereum,-0.027803636899013134
2023-06-08,1832.31,1862.19,1828.81,1846.0,1847.67,16237.59121052,Ethereum,0.007438212593101968
2023-06-09,1846.03,1854.75,1828.20,1840.2,1840.05,12002.90448819,Ethereum,-0.003146874714536603
2023-06-10,1840.20,1844.43,1718.73,1752.38,1757.12,36760.58534814,Ethereum,-0.04889939739307007
2023-06-11,1752.33,1778.80,1739.13,1752.92,1755.69,11953.17499279,Ethereum,0.0003081048722058604
2023-06-12,1752.92,1758.65,1720.09,1742.2,1736.41,18996.69636593,Ethereum,-0.006134286442605052
2023-06-13,1742.20,1765.89,1724.60,1739.03,1741.61,15920.89202565,Ethereum,-0.001821195885463435
2023-06-14,1739.03,1749.72,1630.01,1650.37,1690.92,38258.98010430,Ethereum,-0.052327981319033975
2023-06-15,1650.37,1680.33,1620.06,1665.33,1646.40,41203.25083866,Ethereum,0.00902379679378018
2023-06-16,1665.32,1727.34,1648.77,1716.65,1692.30,26721.36681376,Ethereum,0.0303514152306036
2023-06-17,1716.95,1768.14,1713.80,1727.3,1739.02,10152.50351998,Ethereum,0.006184778494560693
2023-06-18,1727.30,1747.85,1713.29,1720.3,1730.94,8856.94727688,Ethereum,-0.004060801496245172
2023-06-19,1720.31,1750.94,1698.95,1737.1,1724.50,17741.73122112,Ethereum,0.009718361904884178
2023-06-20,1736.85,1795.77,1715.00,1792.26,1753.67,25574.57509754,Ethereum,0.03126033718828001
2023-06-21,1792.54,1900.73,1787.74,1888.72,1851.76,51048.06565828,Ethereum,0.05242195764380007
2023-06-22,1888.80,1930.88,1867.12,1872.03,1900.53,38971.72900894,Ethereum,-0.008875947389803948
2023-06-23,1872.26,1938.92,1862.89,1892.63,1896.51,25125.12985930,Ethereum,0.010943992608325272
2023-06-24,1893.00,1906.00,1866.08,1875.63,1886.18,14032.47109847,Ethereum,-0.009022793189326542
2023-06-25,1875.63,1929.81,1869.24,1898.61,1905.27,25394.49026167,Ethereum,0.012177436503545603
2023-06-26,1898.84,1907.50,1838.00,1858.86,1871.71,19688.90790123,Ethereum,-0.0211586428932208
2023-06-27,1858.74,1912.19,1856.24,1889.8,1883.17,23557.66116956,Ethereum,0.016507606769048236
2023-06-28,1889.68,1890.08,1817.06,1827.76,1853.31,20718.31946007,Ethereum,-0.03337982998229806
2023-06-29,1827.81,1878.00,1827.53,1851.81,1850.97,10750.26851017,Ethereum,0.013072365784342782
2023-06-30,1851.82,1946.00,1825.80,1933.19,1897.81,38341.64812754,Ethereum,0.04300794903644411
2023-07-01,1934.02,1944.09,1909.04,1924.61,1923.10,14206.52598205,Ethereum,-0.004448138393353247
2023-07-02,1924.61,1960.00,1889.17,1937.21,1930.45,18467.60370489,Ethereum,0.0065254438117033865
2023-07-03,1937.21,1974.98,1933.71,1955.5,1958.44,23564.72632847,Ethereum,0.009397121590204427
2023-07-04,1955.79,1965.93,1931.71,1935.31,1950.51,10589.63073212,Ethereum,-0.010378394845066209
2023-07-05,1935.31,1941.68,1894.77,1911.01,1916.45,17926.05185290,Ethereum,-0.012635622261545241
2023-07-06,1911.01,1955.37,1845.85,1846.81,1892.78,27138.36516016,Ethereum,-0.03417207169928674
2023-07-07,1846.68,1877.40,1825.99,1869.53,1855.59,14028.31714182,Ethereum,0.012227235970154416
2023-07-08,1869.53,1871.83,1844.22,1865.51,1859.80,3512.37367737,Ethereum,-0.0021525882198145077
2023-07-09,1865.51,1878.90,1858.05,1863.28,1868.78,6809.47587204,Ethereum,-0.0011960986088585903
2023-07-10,1863.38,1904.54,1847.72,1880.46,1877.76,12471.65941255,Ethereum,0.009178052214429328
2023-07-11,1880.47,1891.99,1862.66,1878.37,1877.09,11088.11764436,Ethereum,-0.0011120482785247114
2023-07-12,1878.65,1901.89,1865.90,1871.96,1887.38,12637.07581750,Ethereum,-0.0034183691791754133
2023-07-13,1871.75,2012.00,1864.56,2004.9,1955.50,46037.51158851,Ethereum,0.06860817389725299
2023-07-14,2005.36,2027.41,1900.29,1940.01,1964.55,43520.98779710,Ethereum,-0.032901056501870266
2023-07-15,1940.00,1946.92,1927.28,1931.64,1935.27,6426.93326757,Ethereum,-0.004323744677125556
2023-07-16,1931.64,1943.18,1916.00,1922.24,1929.53,5222.11193804,Ethereum,-0.0048782103443418354
2023-07-17,1922.22,1935.62,1875.00,1912.21,1909.92,18741.17557463,Ethereum,-0.005231531445629056
2023-07-18,1911.07,1917.05,1876.80,1897.52,1898.13,8748.93639188,Ethereum,-0.007711870817476678
2023-07-19,1897.51,1920.00,1882.68,1888.83,1907.26,10897.90720584,Ethereum,-0.00459018065314166
2023-07-20,1888.78,1927.00,1877.04,1891.48,1900.39,9663.74283929,Ethereum,0.0014020016528126014
2023-07-21,1891.36,1905.63,1884.36,1891.94,1892.79,6121.32566121,Ethereum,0.00024316623703766194
2023-07-22,1892.28,1896.69,1850.10,1865.4,1882.62,4434.05050068,Ethereum,-0.01412725034263636
2023-07-23,1865.96,1903.80,1859.22,1888.3,1880.11,7287.51181971,Ethereum,0.012201446094768949
2023-07-24,1888.27,1889.63,1832.51,1850.01,1849.10,18102.89465132,Ethereum,-0.020485908924365442
2023-07-25,1849.94,1866.66,1845.81,1857.96,1857.09,9749.87405293,Ethereum,0.004288067153578978
2023-07-26,1857.96,1886.65,1846.38,1871.8,1861.42,15020.10564551,Ethereum,0.007421423106410307
2023-07-27,1871.87,1884.80,1854.74,1860.37,1868.21,11365.67263096,Ethereum,-0.006125142067627303
2023-07-28,1860.37,1881.96,1857.02,1875.32,1871.13,9805.11838933,Ethereum,0.008003918853750142
2023-07-29,1875.32,1885.72,1870.56,1881.15,1878.38,2363.83793878,Ethereum,0.003103980428889365
2023-07-30,1881.16,1884.10,1850.44,1861.64,1866.79,4276.20028433,Ethereum,-0.010425472287931175
2023-07-31,1861.62,1875.63,1852.00,1855.91,1860.86,5072.45845079,Ethereum,-0.003082677859146697
2023-08-01,1855.92,1874.00,1815.18,1873.19,1842.52,17416.37586854,Ethereum,0.009267718045793159
2023-08-02,1873.04,1878.88,1819.31,1839.09,1847.12,16587.11468827,Ethereum,-0.018371975788958633
2023-08-03,1838.60,1857.14,1824.08,1834.42,1841.87,18005.93964468,Ethereum,-0.002542528816172565
2023-08-04,1834.10,1849.56,1811.82,1827.53,1835.78,14106.97548606,Ethereum,-0.0037630268738848976
2023-08-05,1827.51,1836.44,1825.00,1834.56,1830.64,3572.85446892,Ethereum,0.0038393423621501817
2023-08-06,1834.56,1836.19,1823.60,1827.09,1829.39,3249.86675641,Ethereum,-0.004080133471554757
2023-08-07,1827.11,1843.09,1800.59,1827.04,1820.73,16252.48922713,Ethereum,-2.7366295125290077e-05
2023-08-08,1827.04,1876.46,1824.19,1855.53,1849.79,14461.07016662,Ethereum,0.01547319856535828
2023-08-09,1855.56,1870.35,1845.02,1854.07,1855.50,13205.36925681,Ethereum,-0.000787146902838449
2023-08-10,1854.07,1864.02,1844.16,1850.76,1851.91,8478.32289135,Ethereum,-0.0017868570923343736
2023-08-11,1850.73,1856.12,1835.86,1847.26,1844.98,7466.54386422,Ethereum,-0.0018929054169896894
2023-08-12,1847.15,1852.60,1845.61,1849.12,1848.62,4222.09441210,Ethereum,0.0010063901205975556
2023-08-13,1849.12,1860.09,1833.57,1839.48,1847.97,3979.29143830,Ethereum,-0.005226927261114778
2023-08-14,1839.47,1853.69,1834.11,1843.95,1843.67,11932.62646376,Ethereum,0.0024270868154433827
2023-08-15,1843.95,1845.22,1811.67,1826.88,1832.06,6419.65616397,Ethereum,-0.009300416005565307
2023-08-16,1826.88,1828.75,1795.46,1805.56,1815.26,17257.25690062,Ethereum,-0.011738800818798302
2023-08-17,1805.57,1807.61,1517.07,1682.29,1697.20,50359.38754245,Ethereum,-0.07071483249264916
2023-08-18,1682.29,1699.51,1641.32,1660.85,1671.41,21222.40648645,Ethereum,-0.012826440973028198
2023-08-19,1661.23,1695.99,1653.88,1669.56,1671.12,6323.92433582,Ethereum,0.00523059915036698
2023-08-20,1669.56,1693.40,1662.04,1685.35,1674.84,9066.73769329,Ethereum,0.009413138708406142
2023-08-21,1685.29,1686.98,1649.98,1667.07,1670.66,12084.91900675,Ethereum,-0.010905662879340706
2023-08-22,1667.07,1669.05,1580.71,1633.24,1637.96,17972.61253421,Ethereum,-0.020501822530100827
2023-08-23,1634.41,1698.48,1629.09,1679.1,1659.51,16258.25309759,Ethereum,0.027692163624673315
2023-08-24,1679.10,1682.74,1635.56,1660.45,1656.95,10114.51722392,Ethereum,-0.011169285614205127
2023-08-25,1660.46,1675.24,1635.29,1652.97,1651.29,13103.14780181,Ethereum,-0.004514980115212641
2023-08-26,1653.00,1654.73,1643.24,1646.31,1649.90,2865.87291623,Ethereum,-0.004037249973422997
2023-08-27,1646.34,1659.25,1645.64,1657.7,1652.29,4079.53994791,Ethereum,0.006894679568237745
2023-08-28,1657.69,1662.82,1621.07,1652.39,1645.30,8748.51330378,Ethereum,-0.0032083747299604466
2023-08-29,1652.34,1747.20,1639.14,1729.46,1704.15,23483.42079143,Ethereum,0.0455864963372085
2023-08-30,1729.35,1731.59,1696.06,1705.12,1711.53,14932.44584063,Ethereum,-0.014173731565422513
2023-08-31,1705.29,1723.38,1630.00,1645.79,1682.62,22746.64577162,Ethereum,-0.03541497739191966
2023-09-01,1645.79,1654.00,1600.10,1628.4,1633.35,21386.03397719,Ethereum,-0.010622574451902542
2023-09-02,1628.67,1644.50,1627.69,1636.89,1634.85,3243.67572133,Ethereum,0.005200162394143366
2023-09-03,1636.89,1646.97,1625.11,1635.79,1634.91,4577.32929070,Ethereum,-0.0006722319575540419
2023-09-04,1635.80,1643.37,1616.21,1629.17,1630.25,5476.96667281,Ethereum,-0.004055185406189197
2023-09-05,1629.17,1646.81,1608.13,1633.46,1631.17,16519.12438897,Ethereum,0.0026297817848675888
2023-09-06,1633.46,1668.43,1609.06,1632.29,1631.39,18376.35043156,Ethereum,-0.0007165276276860078
2023-09-07,1632.30,1669.36,1623.02,1647.55,1636.81,13857.45350771,Ethereum,0.009305399113391686
2023-09-08,1647.56,1656.91,1616.22,1636.2,1634.66,14380.28920250,Ethereum,-0.006912855850199426
2023-09-09,1636.20,1636.95,1629.73,1635.39,1634.31,2551.94652808,Ethereum,-0.0004951720824129487
2023-09-10,1635.38,1635.58,1600.66,1616.84,1618.94,5111.70426314,Ethereum,-0.011407680986198095
2023-09-11,1616.58,1618.33,1530.85,1551.51,1568.44,20764.37144828,Ethereum,-0.04124497676788022
2023-09-12,1551.51,1624.44,1549.53,1593.05,1590.96,14544.45452699,Ethereum,0.02642176749389323
2023-09-13,1593.07,1618.16,1582.00,1608.0,1601.63,12891.63350115,Ethereum,0.009340753001911962
2023-09-14,1607.97,1644.99,1607.95,1626.49,1627.64,15371.80172591,Ethereum,0.011433147984675266
2023-09-15,1626.49,1652.60,1612.23,1641.25,1625.27,12950.73919885,Ethereum,0.009033827893418972
2023-09-16,1641.42,1652.54,1631.92,1635.21,1641.59,3765.21459319,Ethereum,-0.0036869101664373885
2023-09-17,1635.22,1635.59,1613.27,1623.2,1624.46,4029.18553018,Ethereum,-0.00737172693896356
2023-09-18,1623.21,1669.01,1605.99,1637.34,1645.69,10585.47213100,Ethereum,0.008673464300212269
2023-09-19,1637.34,1660.36,1627.67,1643.49,1645.68,9764.34864155,Ethereum,0.003749055698344914
2023-09-20,1643.50,1649.28,1606.10,1622.72,1631.57,12023.70346104,Ethereum,-0.012718275903507898
2023-09-21,1622.72,1625.05,1568.39,1584.25,1598.66,16209.38049503,Ethereum,-0.02399264440302786
2023-09-22,1584.25,1601.89,1577.53,1593.07,1592.64,7884.62214844,Ethereum,0.005551862988321976
2023-09-23,1593.24,1598.00,1588.21,1593.43,1593.70,4552.97172390,Ethereum,0.0002259532411937034
2023-09-24,1593.43,1600.50,1571.33,1580.91,1590.14,5516.08879050,Ethereum,-0.007888294840220786
2023-09-25,1580.90,1596.17,1563.63,1588.32,1582.42,12814.47330865,Ethereum,0.004676223248490458
2023-09-26,1588.33,1598.03,1579.80,1593.37,1589.16,7171.54043917,Ethereum,0.003174416263496777
2023-09-27,1593.55,1633.79,1583.59,1597.61,1605.59,13267.01152296,Ethereum,0.0026574923661906646
2023-09-28,1597.75,1667.50,1597.09,1652.83,1634.59,20532.75146439,Ethereum,0.033980207746004125
2023-09-29,1652.84,1687.99,1648.73,1667.9,1668.31,16255.17323432,Ethereum,0.009076379866024241
2023-09-30,1667.90,1693.66,1666.47,1671.01,1677.59,4534.24505306,Ethereum,0.0018628839348142712
2023-10-01,1671.01,1756.00,1668.20,1733.57,1699.88,17740.99146375,Ethereum,0.036754632024478345
2023-10-02,1733.75,1743.62,1635.99,1663.05,1693.51,29538.90030126,Ethereum,-0.041529600155949795
2023-10-03,1662.71,1670.46,1644.00,1657.0,1657.94,15135.99809106,Ethereum,-0.0036445274599073824
2023-10-04,1656.99,1657.57,1585.85,1647.7,1637.95,14732.79488981,Ethereum,-0.005628362363177128
2023-10-05,1646.72,1654.52,1607.40,1611.4,1625.98,11547.44512166,Ethereum,-0.022277009720290113
2023-10-06,1612.41,1664.00,1612.11,1645.85,1637.86,16363.47537752,Ethereum,0.02115360172917701
2023-10-07,1645.97,1648.45,1631.32,1634.68,1641.06,3776.80845763,Ethereum,-0.00680990155074825
2023-10-08,1634.68,1641.69,1617.88,1633.64,1630.48,4887.79780404,Ethereum,-0.0006364126126583723
2023-10-09,1633.53,1635.99,1549.00,1580.09,1589.88,21387.45383579,Ethereum,-0.03332884648481163
2023-10-10,1579.90,1594.16,1550.97,1567.39,1575.67,14655.88312127,Ethereum,-0.008069991817986259
2023-10-11,1567.59,1578.05,1542.25,1566.56,1564.19,21845.98023727,Ethereum,-0.0005296830003068683
2023-10-12,1565.93,1567.67,1521.45,1539.37,1545.27,14457.95627081,Ethereum,-0.017508890807691434
2023-10-13,1539.37,1574.01,1537.20,1552.06,1546.08,14881.13697532,Ethereum,0.008209838991638147
2023-10-14,1552.16,1561.18,1545.61,1555.01,1551.76,3297.51434464,Ethereum,0.001898895671115984
2023-10-15,1555.07,1566.52,1550.00,1558.04,1557.87,4217.82251937,Ethereum,0.001946644581249678
2023-10-16,1558.03,1669.98,1555.65,1600.25,1596.20,29738.75506561,Ethereum,0.026731245980039342
2023-10-17,1600.17,1601.28,1553.25,1565.56,1575.13,11292.96825700,Ethereum,-0.02191627957680416
2023-10-18,1565.95,1585.68,1556.19,1563.75,1568.36,11400.23490379,Ethereum,-0.0011568046641876797
2023-10-19,1563.75,1573.75,1542.00,1567.64,1559.87,11996.55303298,Ethereum,0.0024845209322569783
2023-10-20,1567.64,1630.49,1562.01,1604.57,1604.13,36436.67871913,Ethereum,0.023284504183114448
2023-10-21,1604.57,1644.15,1593.32,1629.45,1616.31,14696.66327094,Ethereum,0.01538672665137729
2023-10-22,1629.45,1668.00,1620.43,1663.25,1637.35,19583.59542392,Ethereum,0.020530985074127296
2023-10-23,1663.25,1796.18,1658.26,1765.79,1705.17,40510.97963946,Ethereum,0.05982466267393926
2023-10-24,1766.36,1854.56,1756.16,1784.47,1803.82,54029.60712696,Ethereum,0.010523270061191687
2023-10-25,1785.01,1817.12,1760.59,1787.71,1789.59,20127.47035946,Ethereum,0.0018140188279870415
2023-10-26,1787.71,1866.00,1762.17,1803.93,1805.14,28278.05274646,Ethereum,0.00903214702385759
2023-10-27,1803.94,1804.16,1741.68,1780.0,1781.11,20770.46333536,Ethereum,-0.013354253922841614
2023-10-28,1780.01,1801.94,1770.94,1776.7,1784.37,6057.44808248,Ethereum,-0.0018556532442705093
2023-10-29,1776.70,1811.13,1763.73,1795.67,1791.67,9278.19597966,Ethereum,0.010620500289612894
2023-10-30,1795.67,1830.00,1779.22,1810.36,1808.67,15688.33715596,Ethereum,0.00814750917902873
2023-10-31,1810.35,1819.98,1782.20,1815.58,1803.63,16866.14146163,Ethereum,0.0028792553689238865
2023-11-01,1815.12,1857.99,1784.61,1847.43,1820.81,30675.29420533,Ethereum,0.017390508185880903
2023-11-02,1847.58,1874.99,1786.17,1801.22,1821.54,27401.11868745,Ethereum,-0.025331270990897343
2023-11-03,1801.22,1835.18,1777.85,1833.93,1805.52,23177.29532691,Ethereum,0.01799699207465495
2023-11-04,1833.94,1870.49,1825.14,1857.44,1841.13,24270.72385845,Ethereum,0.012737990440661073
2023-11-05,1857.35,1912.92,1848.28,1893.74,1884.69,39685.88945111,Ethereum,0.019354514125958785
2023-11-06,1893.18,1914.96,1870.99,1901.57,1895.66,29450.01795660,Ethereum,0.004126151017381396
2023-11-07,1901.70,1907.50,1851.01,1886.02,1883.68,26255.65124981,Ethereum,-0.008211072142019318
2023-11-08,1885.98,1904.98,1873.86,1889.1,1891.45,15783.07769056,Ethereum,0.001631736571760077
2023-11-09,1889.01,2131.86,1883.94,2119.3,1991.59,99450.55808668,Ethereum,0.11498532029972178
2023-11-10,2121.15,2137.00,2065.00,2077.88,2100.28,50921.04340559,Ethereum,-0.019737702305282285
2023-11-11,2078.16,2090.99,2030.82,2052.75,2066.92,32289.59473956,Ethereum,-0.012167785568348032
2023-11-12,2052.76,2066.78,2018.00,2045.29,2044.55,25877.84581588,Ethereum,-0.003640768875029472
2023-11-13,2045.10,2118.66,2030.78,2054.78,2074.38,47381.30978709,Ethereum,0.0046291975244973525
2023-11-14,2054.16,2065.00,1933.00,1979.44,2016.67,56791.76240361,Ethereum,-0.037354809836075094
2023-11-15,1979.61,2062.96,1967.03,2060.92,2016.09,35632.35144319,Ethereum,0.040338508626118326
2023-11-16,2060.17,2092.00,1935.43,1961.5,2011.18,50945.34581788,Ethereum,-0.049442998378802054
2023-11-17,1961.50,1991.00,1905.47,1961.4,1953.14,31705.33740198,Ethereum,-5.098269138726255e-05
2023-11-18,1961.39,1972.14,1918.63,1963.34,1947.35,7815.41720534,Ethereum,0.000988600599276187
2023-11-19,1963.34,2016.36,1945.00,2012.77,1978.71,13567.28448904,Ethereum,0.02486477822705759
2023-11-20,2012.82,2068.25,1995.10,2021.87,2029.30,61619.25150380,Ethereum,0.004510942949567232
2023-11-21,2022.03,2035.00,1930.54,1934.14,1989.79,35800.35794790,Ethereum,-0.04436004250938896
2023-11-22,1933.47,2092.00,1931.23,2064.2,2037.81,38118.18477476,Ethereum,0.0650799589071008
2023-11-23,2064.20,2088.51,2038.15,2062.76,2060.80,11488.80165375,Ethereum,-0.0006978502619065552
2023-11-24,2062.75,2132.95,2060.41,2081.28,2097.32,25513.33313254,Ethereum,0.008938197169355434
2023-11-25,2081.27,2091.48,2067.27,2083.76,2082.95,8431.61374817,Ethereum,0.001190865054398752
2023-11-26,2083.83,2094.67,2037.71,2062.85,2060.81,17457.31814044,Ethereum,-0.01008543231204951
2023-11-27,2062.84,2071.73,1986.01,2027.19,2017.87,28884.34434190,Ethereum,-0.017437924139314612
2023-11-28,2027.44,2076.44,1996.16,2049.41,2039.41,25250.84924131,Ethereum,0.010901349188316534
2023-11-29,2048.91,2075.00,2020.04,2029.53,2046.36,13191.56374907,Ethereum,-0.009747707694931275
2023-11-30,2029.40,2054.48,2022.74,2052.03,2037.24,8958.38603356,Ethereum,0.011025307931130065
2023-12-01,2052.03,2110.00,2046.11,2086.99,2091.00,18603.40916187,Ethereum,0.01689328943204697
2023-12-02,2086.98,2187.99,2086.98,2165.6,2130.38,19187.20773177,Ethereum,0.03697462280121266
2023-12-03,2165.61,2217.74,2147.84,2193.33,2172.99,23969.20911927,Ethereum,0.012723477593168045
2023-12-04,2193.34,2275.38,2148.00,2243.02,2230.05,49787.99338613,Ethereum,0.022402235216710125
2023-12-05,2243.02,2310.04,2188.81,2292.9,2255.51,32555.67129577,Ethereum,0.021994219806978774
2023-12-06,2292.91,2316.37,2221.57,2233.47,2265.89,26705.67982457,Ethereum,-0.026260962048427997
2023-12-07,2233.46,2382.00,2222.09,2356.41,2306.04,34220.20023237,Ethereum,0.053582844531677595
2023-12-08,2356.31,2390.00,2338.86,2358.77,2361.55,30868.12958977,Ethereum,0.0010010223139177493
2023-12-09,2358.77,2401.82,2330.00,2340.25,2363.73,22889.01717158,Ethereum,-0.007882535462261364
2023-12-10,2340.26,2378.28,2323.00,2351.33,2351.94,12467.55827307,Ethereum,0.004723364239644512
2023-12-11,2351.34,2353.47,1980.00,2224.51,2215.53,44141.50797941,Ethereum,-0.05544445886328329
2023-12-12,2224.40,2241.48,2165.00,2201.84,2206.54,22799.97274736,Ethereum,-0.010243292202619428
2023-12-13,2201.84,2283.59,2135.56,2260.41,2220.03,24564.66700762,Ethereum,0.02625283831605947
2023-12-14,2260.56,2332.43,2210.00,2316.1,2283.50,20960.41715641,Ethereum,0.02433852391201097
2023-12-15,2316.10,2316.80,2201.09,2218.77,2259.34,17339.76060900,Ethereum,-0.04293174838605987
2023-12-16,2218.99,2259.61,2212.46,2226.39,2244.62,6533.79636410,Ethereum,0.003428451378112599
2023-12-17,2226.39,2244.16,2192.17,2195.62,2218.79,13726.92400661,Ethereum,-0.013916972884127108
2023-12-18,2195.01,2222.00,2116.60,2217.79,2172.21,24356.47411300,Ethereum,0.010046737774502204
2023-12-19,2217.79,2253.40,2136.00,2177.29,2204.37,21789.16342146,Ethereum,-0.018430220332716372
2023-12-20,2177.29,2265.00,2155.00,2200.78,2218.35,32835.87552208,Ethereum,0.010730858761187312
2023-12-21,2200.78,2280.45,2182.99,2239.64,2229.55,29442.61106662,Ethereum,0.01750329568288156
2023-12-22,2239.64,2342.82,2232.51,2326.61,2303.48,45499.14168086,Ethereum,0.03809713384340727
2023-12-23,2326.61,2330.73,2269.13,2309.12,2295.99,21673.33625603,Ethereum,-0.007545772936759025
2023-12-24,2309.01,2326.09,2247.01,2264.8,2290.88,19906.92357992,Ethereum,-0.019380044756404778
2023-12-25,2264.68,2303.20,2254.35,2272.94,2279.59,14843.95936505,Ethereum,0.003587692874070587
2023-12-26,2272.74,2274.58,2180.00,2230.95,2231.24,24085.87251568,Ethereum,-0.018646643965044077
2023-12-27,2232.12,2397.00,2212.55,2380.4,2325.94,38786.37603459,Ethereum,0.06484103706398044
2023-12-28,2380.71,2445.04,2338.78,2346.63,2384.08,58457.71379060,Ethereum,-0.0142882844087902
2023-12-29,2346.63,2385.00,2258.00,2299.87,2328.28,31096.88054867,Ethereum,-0.020127656781209986
2023-12-30,2298.97,2322.20,2265.00,2292.03,2297.15,10497.13310793,Ethereum,-0.003414711826491329
2023-12-31,2292.03,2318.30,2260.00,2281.95,2293.91,13913.27224470,Ethereum,-0.004407547176958243
2024-01-01,2281.94,2352.57,2266.64,2352.57,2307.44,13168.16008869,Ethereum,0.030478007018769935
2024-01-02,2352.57,2430.92,2326.30,2356.21,2378.93,29335.84633186,Ethereum,0.0015460483288865696
2024-01-03,2356.21,2384.01,1860.00,2210.31,2214.96,46262.29322491,Ethereum,-0.06392161875701872
2024-01-04,2210.30,2297.50,2204.91,2268.7,2262.84,17064.67341456,Ethereum,0.026074203034929726
2024-01-05,2269.33,2278.00,2209.32,2269.24,2245.57,16571.15598716,Ethereum,0.00023799345189614072
2024-01-06,2269.23,2271.61,2218.63,2240.84,2245.69,10503.79033437,Ethereum,-0.01259417810055226
2024-01-07,2240.83,2256.00,2208.40,2220.78,2235.13,11318.08445900,Ethereum,-0.008992310045914274
2024-01-08,2222.38,2358.98,2118.00,2333.0,2266.04,23678.71178332,Ethereum,0.049296507513185435
2024-01-09,2333.01,2371.99,2230.00,2345.13,2298.99,26788.42250965,Ethereum,0.005185844422583744
2024-01-10,2345.09,2642.03,2342.79,2584.13,2459.40,62769.10977108,Ethereum,0.09704805679051652
2024-01-11,2584.06,2690.97,2567.52,2620.01,2614.17,57643.03583545,Ethereum,0.01378924030722138
2024-01-12,2620.01,2716.13,2438.29,2522.85,2604.72,59103.78182652,Ethereum,-0.037788919700200256
2024-01-13,2522.86,2588.58,2498.00,2576.6,2550.17,19041.72813838,Ethereum,0.021081485515872727
2024-01-14,2576.60,2578.80,2468.78,2471.34,2528.48,15705.46598109,Ethereum,-0.04171018671935808
2024-01-15,2471.04,2550.82,2469.81,2510.22,2517.15,18108.71970635,Ethereum,0.015609885049169225
2024-01-16,2510.23,2614.21,2499.28,2586.15,2567.53,20532.50412647,Ethereum,0.02979988460273439
2024-01-17,2586.59,2592.67,2507.46,2527.96,2539.60,18081.43037855,Ethereum,-0.022757629933213546
2024-01-18,2527.96,2545.47,2424.55,2467.0,2482.36,16479.37748045,Ethereum,-0.024409815827399668
2024-01-19,2467.00,2502.09,2413.99,2489.53,2470.04,15712.75381097,Ethereum,0.00909110009284547
2024-01-20,2490.08,2490.08,2458.17,2470.35,2474.21,3906.74885267,Ethereum,-0.007734096633875177
2024-01-21,2470.35,2480.29,2450.83,2454.13,2468.45,5250.77758934,Ethereum,-0.00658752138545566
2024-01-22,2454.13,2464.19,2302.16,2310.77,2367.32,20344.05250845,Ethereum,-0.06019151729691175
2024-01-23,2311.05,2348.05,2165.90,2242.11,2231.30,28801.66241324,Ethereum,-0.03016341554111357
2024-01-24,2240.92,2262.21,2196.30,2234.18,2225.99,17550.46342860,Ethereum,-0.0035431164182323583
2024-01-25,2233.96,2239.75,2170.82,2217.38,2212.37,12179.21990251,Ethereum,-0.00754795162151114
2024-01-26,2217.38,2280.00,2195.52,2267.82,2247.79,17703.59555451,Ethereum,0.022492698893600668
2024-01-27,2267.82,2282.00,2252.06,2268.11,2269.70,8664.84952321,Ethereum,0.00012786793464409203
2024-01-28,2266.59,2307.29,2241.35,2257.24,2271.47,9228.69922901,Ethereum,-0.0048040575450259675
2024-01-29,2257.24,2322.91,2234.11,2316.49,2278.06,11545.50826280,Ethereum,0.02591028098173618
2024-01-30,2316.50,2390.18,2296.73,2343.32,2345.28,16957.51527118,Ethereum,0.011515618229929315
2024-01-31,2343.40,2351.20,2263.50,2283.42,2313.41,16578.02986039,Ethereum,-0.02589440814776433
2024-02-01,2283.41,2309.99,2241.45,2303.86,2280.39,14021.48252100,Ethereum,0.008911658008470711
2024-02-02,2303.85,2322.56,2280.14,2306.46,2306.97,9553.33053015,Ethereum,0.0011279044732845434
2024-02-03,2306.59,2327.55,2293.51,2294.43,2310.46,3836.32858199,Ethereum,-0.005229434920350093
2024-02-04,2294.43,2309.41,2268.73,2288.62,2294.57,8354.78170889,Ethereum,-0.0025354308211436843
2024-02-05,2288.62,2334.62,2268.41,2299.02,2304.31,7997.67866129,Ethereum,0.004533929347394632
2024-02-06,2299.04,2389.78,2296.77,2372.13,2343.53,14374.97205506,Ethereum,0.031305340526766215
2024-02-07,2372.14,2442.99,2353.52,2423.67,2397.26,30171.39844877,Ethereum,0.02149463462099693
2024-02-08,2423.68,2462.16,2411.09,2419.62,2430.88,43441.83744190,Ethereum,-0.0016724172799814435
2024-02-09,2419.61,2524.31,2419.04,2487.21,2481.62,34326.82317316,Ethereum,0.02755109729419887
2024-02-10,2487.21,2516.05,2474.08,2500.02,2497.15,12668.13883758,Ethereum,0.005137131502433468
2024-02-11,2500.02,2538.10,2495.00,2507.02,2514.86,6315.40772493,Ethereum,0.002796064964724647
2024-02-12,2507.03,2665.23,2472.03,2659.0,2578.54,19510.40638051,Ethereum,0.05885531545400286
2024-02-13,2659.01,2685.24,2589.00,2641.74,2641.91,22857.41901200,Ethereum,-0.0065123212985909755
2024-02-14,2641.73,2787.24,2620.23,2777.76,2729.32,23014.17043031,Ethereum,0.05020705654920953
2024-02-15,2777.51,2869.76,2764.52,2823.61,2814.07,21445.36310018,Ethereum,0.01637136059953459
2024-02-16,2823.61,2858.40,2717.32,2804.13,2811.72,22360.17358029,Ethereum,-0.00692287767387735
2024-02-17,2804.16,2804.97,2722.00,2787.7,2777.13,10208.20885354,Ethereum,-0.00587644734582544
2024-02-18,2787.69,2894.40,2768.06,2881.49,2831.01,15523.30426341,Ethereum,0.03309063838251424
2024-02-19,2881.50,2984.00,2860.00,2943.97,2924.19,26946.93623108,Ethereum,0.02145148912347031
2024-02-20,2943.98,3032.00,2876.51,3016.33,2944.05,31294.20416590,Ethereum,0.024281850008472407
2024-02-21,3016.13,3017.41,2865.18,2971.37,2929.49,24723.46221684,Ethereum,-0.015017734686567745
2024-02-22,2970.35,3036.91,2906.00,2970.33,2981.59,20589.33006809,Ethereum,-0.000350068165885415
2024-02-23,2970.33,2990.73,2907.70,2921.96,2939.64,11211.41439572,Ethereum,-0.016418433772463655
2024-02-24,2921.96,3003.36,2907.70,2990.81,2963.44,8102.55848646,Ethereum,0.023289629744160288
2024-02-25,2991.70,3121.22,2985.00,3112.8,3055.97,24300.99167964,Ethereum,0.039978388963173093
2024-02-26,3112.79,3197.00,3036.68,3178.69,3121.53,31581.02797467,Ethereum,0.020946519543762154
2024-02-27,3178.69,3287.64,3163.26,3244.25,3236.11,39224.61586289,Ethereum,0.02041503640323387
2024-02-28,3244.59,3496.02,3111.00,3385.53,3338.57,56659.57355394,Ethereum,0.04262626858943572
2024-02-29,3385.67,3519.68,3305.00,3342.6,3418.94,39266.22907384,Ethereum,-0.01276151995195084
2024-03-01,3342.60,3455.00,3341.19,3436.26,3410.35,19126.02928526,Ethereum,0.027634723369541484
2024-03-02,3436.26,3459.95,3399.00,3421.49,3428.58,16338.08409431,Ethereum,-0.004307541930809432
2024-03-03,3421.49,3490.00,3360.00,3489.54,3436.05,13549.93168727,Ethereum,0.01969379365825991
2024-03-04,3489.53,3644.32,3430.64,3631.23,3538.76,32075.87975273,Ethereum,0.039801511487970224
2024-03-05,3633.20,3827.69,3211.27,3560.01,3590.08,68852.75969150,Ethereum,-0.019808080008891824
2024-03-06,3560.00,3898.70,3499.57,3817.95,3777.01,48810.17111636,Ethereum,0.06995027550733868
2024-03-07,3821.01,3938.34,3738.34,3872.54,3828.28,21715.91115460,Ethereum,0.014196993144117697
2024-03-08,3873.26,3998.00,3824.77,3892.23,3929.00,23240.20597795,Ethereum,0.005071635658147554
2024-03-09,3892.23,3950.00,3880.46,3914.01,3912.21,10418.67053305,Ethereum,0.005580165743275618
2024-03-10,3914.01,3969.30,3800.86,3880.98,3906.81,11207.73494559,Ethereum,-0.008474724839148953
2024-03-11,3880.98,4088.00,3739.20,4065.29,3996.36,30295.37625934,Ethereum,0.046397382106064866
2024-03-12,4065.30,4090.00,3830.56,3980.4,3975.81,27307.47166558,Ethereum,-0.02110276440968336
2024-03-13,3980.93,4083.99,3937.00,4007.21,4011.86,18307.13637240,Ethereum,0.006712921807371693
2024-03-14,4006.11,4011.72,3722.46,3880.78,3887.66,29625.13757859,Ethereum,-0.0320590742072338
2024-03-15,3881.16,3965.00,3570.00,3738.0,3709.17,32040.91770103,Ethereum,-0.037485455325636796
2024-03-16,3740.14,3778.94,3466.78,3520.27,3626.50,19133.79936173,Ethereum,-0.060013017819554024
2024-03-17,3519.95,3675.00,3414.01,3642.62,3565.47,21689.73169453,Ethereum,0.034165511737065155
2024-03-18,3642.62,3642.62,3456.00,3518.43,3543.80,14139.19795372,Ethereum,-0.03468833556587243
2024-03-19,3518.43,3547.76,3146.98,3162.42,3290.18,42076.07170383,Ethereum,-0.10667731009401919
2024-03-20,3158.67,3535.01,3059.65,3515.43,3292.52,60286.32812196,Ethereum,0.10582429334875867
2024-03-21,3515.00,3587.94,3411.70,3492.49,3507.35,23758.04594407,Ethereum,-0.006546901773322347
2024-03-22,3492.50,3542.24,3250.00,3335.09,3384.88,18651.78975736,Ethereum,-0.0461152833562223
2024-03-23,3335.59,3433.22,3273.28,3332.7,3354.07,12919.91831211,Ethereum,-0.0007168792365552014
2024-03-24,3331.03,3468.50,3301.76,3454.03,3375.00,11620.88989161,Ethereum,0.03575887899505213
2024-03-25,3454.03,3659.81,3420.55,3591.3,3536.19,26945.66833297,Ethereum,0.038972588674595444
2024-03-26,3591.30,3680.32,3544.08,3587.04,3602.34,17884.42876944,Ethereum,-0.0011869040753442997
2024-03-27,3587.36,3663.28,3456.90,3498.52,3547.13,24566.39084324,Ethereum,-0.024987327944734877
2024-03-28,3499.05,3610.00,3464.43,3562.69,3552.07,18144.48471579,Ethereum,0.01817585558271289
2024-03-29,3562.69,3582.65,3474.20,3511.68,3521.57,17152.31736535,Ethereum,-0.014421322057511827
2024-03-30,3511.68,3565.62,3489.40,3508.28,3515.96,13656.86335973,Ethereum,-0.0009686665638708704
2024-03-31,3507.69,3654.10,3506.94,3647.72,3597.58,9209.87880317,Ethereum,0.03897642599580357
2024-04-01,3647.71,3647.72,3410.09,3505.48,3519.69,22991.16379680,Ethereum,-0.03977485655195254
2024-04-02,3505.87,3507.46,3215.87,3278.03,3330.87,29397.83774852,Ethereum,-0.06708482612673572
2024-04-03,3278.75,3366.96,3206.01,3312.28,3312.97,15473.19415165,Ethereum,0.010394141810758002
2024-04-04,3310.72,3443.76,3255.10,3329.56,3344.05,19250.67567578,Ethereum,0.005203389117580048
2024-04-05,3329.57,3345.00,3212.11,3320.55,3289.88,17810.20211392,Ethereum,-0.0027097312715430593
2024-04-06,3320.55,3397.06,3310.00,3354.95,3343.14,6390.46334567,Ethereum,0.010306435324477002
2024-04-07,3354.94,3458.66,3348.70,3454.03,3400.33,6845.35118961,Ethereum,0.029104798085766454
2024-04-08,3454.06,3726.84,3409.41,3694.38,3599.87,28896.03745765,Ethereum,0.06727108073577834
2024-04-09,3694.38,3726.79,3451.02,3505.69,3576.42,24096.59419218,Ethereum,-0.05242538326638531
2024-04-10,3505.68,3559.30,3408.01,3543.42,3494.57,17898.58678571,Ethereum,0.010704999726614936
2024-04-11,3543.42,3614.88,3476.20,3505.25,3534.07,12248.98148627,Ethereum,-0.010830517845605523
2024-04-12,3505.24,3551.15,2926.93,3240.1,3312.32,35274.23894117,Ethereum,-0.07865765109362459
2024-04-13,3240.11,3300.09,2537.00,3013.12,3029.05,46924.29162845,Ethereum,-0.07262810675586863
2024-04-14,3011.42,3173.40,2913.43,3155.99,3051.09,17201.91567190,Ethereum,0.04632614764118968
2024-04-15,3156.00,3278.53,3026.00,3101.38,3170.63,27281.82597592,Ethereum,-0.01745506068426864
2024-04-16,3101.38,3127.57,2987.26,3084.92,3063.74,20070.58524244,Ethereum,-0.005321448634106114
2024-04-17,3084.92,3121.54,2914.34,2985.4,3012.71,20766.74960597,Ethereum,-0.032791983875423404
2024-04-18,2985.40,3094.49,2955.19,3064.51,3031.16,12129.43746245,Ethereum,0.026153945896392267
2024-04-19,3064.51,3125.46,2867.00,3058.52,3035.38,17117.99544752,Ethereum,-0.001956548281112634
2024-04-20,3058.52,3169.99,3021.63,3157.67,3097.65,5455.32879113,Ethereum,0.03190327502424425
2024-04-21,3157.81,3197.14,3120.00,3148.05,3155.27,7615.20164802,Ethereum,-0.0030512003271233024
2024-04-22,3148.31,3234.55,3130.05,3202.0,3194.96,11858.88467609,Ethereum,0.01699240104511996
2024-04-23,3202.00,3263.55,3154.00,3220.02,3212.23,14787.82593007,Ethereum,0.005611956142628897
2024-04-24,3220.00,3291.64,3105.75,3138.84,3196.81,10404.85898170,Ethereum,-0.02553426580345521
2024-04-25,3139.11,3190.86,3074.39,3155.68,3135.54,9692.87605160,Ethereum,0.005350698759359625
2024-04-26,3155.63,3166.13,3102.55,3129.96,3135.72,9823.74431079,Ethereum,-0.008183778755369138
2024-04-27,3129.96,3279.31,3070.34,3252.62,3180.74,9198.94010367,Ethereum,0.03844060050263106
2024-04-28,3252.63,3355.90,3250.00,3262.02,3304.83,7973.17094111,Ethereum,0.0028858099675562643
2024-04-29,3262.03,3285.23,3113.70,3216.18,3187.39,12463.30004485,Ethereum,-0.014152315488171065
2024-04-30,3216.09,3247.51,2916.57,3010.62,3027.95,22271.46579808,Ethereum,-0.06604828228345494
2024-05-01,3010.62,3020.14,2813.80,2970.02,2921.91,24577.66018931,Ethereum,-0.013577350817579346
2024-05-02,2970.01,3014.80,2892.78,2987.85,2968.00,12692.40264674,Ethereum,0.005985378408586667
2024-05-03,2987.86,3126.36,2958.64,3104.77,3042.38,18702.10634519,Ethereum,0.03838557336049281
2024-05-04,3105.13,3165.24,3093.28,3117.78,3124.93,5968.44944914,Ethereum,0.004181571528468218
2024-05-05,3118.06,3168.98,3077.00,3137.54,3138.30,5521.06994963,Ethereum,0.006317843284402019
2024-05-06,3137.54,3217.66,3046.88,3063.02,3129.66,10961.81018000,Ethereum,-0.024037696005101087
2024-05-07,3063.07,3127.99,3002.72,3005.14,3069.72,8263.70870168,Ethereum,-0.019077201455278282
2024-05-08,3005.14,3036.42,2936.51,2972.86,2987.51,11830.76973611,Ethereum,-0.010799703494065506
2024-05-09,2972.87,3056.24,2951.00,3036.25,3000.50,5743.88656896,Ethereum,0.02109874890807165
2024-05-10,3036.25,3051.35,2880.05,2909.56,2948.73,11961.91200156,Ethereum,-0.042621334332273046
2024-05-11,2909.56,2941.91,2886.85,2910.11,2915.65,4898.98753681,Ethereum,0.00018901415428633194
2024-05-12,2910.11,2951.99,2901.78,2929.17,2923.93,5748.03558256,Ethereum,0.006528225291852968
2024-05-13,2929.18,2992.00,2864.01,2948.99,2931.72,15223.00830421,Ethereum,0.006743632399285095
2024-05-14,2948.99,2957.51,2860.08,2881.49,2897.33,12259.36076064,Ethereum,-0.02315521737354908
2024-05-15,2881.49,3039.95,2864.75,3033.23,2956.76,11832.26237316,Ethereum,0.0513205368665242
2024-05-16,3033.21,3040.93,2925.59,2944.48,2978.24,17722.57118167,Ethereum,-0.029695827285624254
2024-05-17,2944.48,3120.00,2934.12,3093.54,3059.73,15252.95913425,Ethereum,0.04938383518836814
2024-05-18,3093.54,3144.67,3087.13,3121.37,3113.43,5085.44001575,Ethereum,0.008955941765059282
2024-05-19,3121.37,3134.00,3055.70,3071.79,3089.40,4127.58116941,Ethereum,-0.016011554434357467
2024-05-20,3071.79,3690.83,3050.00,3661.3,3421.67,42651.59066036,Ethereum,0.175557822030807
2024-05-21,3661.31,3838.00,3628.01,3789.23,3733.58,42727.99545004,Ethereum,0.0343445566217443
2024-05-22,3789.32,3810.00,3655.00,3736.82,3744.62,31332.13453289,Ethereum,-0.01392784986194773
2024-05-23,3736.82,3943.11,3530.00,3780.86,3792.70,67176.72972467,Ethereum,0.01171651461737946
2024-05-24,3780.87,3826.16,3630.87,3726.37,3721.41,24414.53014335,Ethereum,-0.014516927531789143
2024-05-25,3726.37,3774.39,3707.98,3749.32,3746.36,5102.14510268,Ethereum,0.0061399207560983654
2024-05-26,3749.32,3879.90,3732.50,3824.85,3803.73,19213.31701914,Ethereum,0.019944760617160058
2024-05-27,3824.85,3973.73,3824.25,3892.1,3915.03,20148.77990832,Ethereum,0.017429606901140645
2024-05-28,3892.10,3924.15,3771.37,3839.98,3842.63,14779.32407273,Ethereum,-0.01348169947167136
2024-05-29,3839.99,3879.90,3742.21,3762.39,3800.36,11221.44033831,Ethereum,-0.02041276448552004
2024-05-30,3762.23,3821.64,3702.00,3746.05,3763.96,10603.59363636,Ethereum,-0.0043524422636577985
2024-05-31,3746.91,3843.01,3722.19,3758.2,3775.78,12337.17055491,Ethereum,0.003238167869354119
2024-06-01,3758.37,3827.06,3750.16,3813.41,3794.47,3398.87768055,Ethereum,0.014583682603631212
2024-06-02,3812.84,3834.36,3753.18,3779.48,3791.51,3676.85738614,Ethereum,-0.00893736794570505
2024-06-03,3778.70,3849.01,3758.64,3765.89,3803.29,12170.45437634,Ethereum,-0.0036022129319693394
2024-06-04,3766.08,3831.45,3728.77,3813.01,3787.63,12726.19283652,Ethereum,0.012434682379987056
2024-06-05,3813.02,3884.42,3778.75,3866.35,3826.22,9455.78364816,Ethereum,0.013892006059920439
2024-06-06,3866.36,3875.99,3760.00,3811.83,3829.26,8554.14518848,Ethereum,-0.014201520753847332
2024-06-07,3811.83,3838.09,3574.89,3676.69,3719.31,16099.72069613,Ethereum,-0.036096497879572656
2024-06-08,3676.88,3706.74,3657.39,3680.04,3681.47,5592.04736657,Ethereum,0.0009107307816242758
2024-06-09,3680.21,3719.73,3665.53,3705.8,3690.54,3530.97308769,Ethereum,0.006975538179193488
2024-06-10,3705.80,3710.00,3640.00,3664.38,3678.84,7890.38050272,Ethereum,-0.011240006641596233
2024-06-11,3664.38,3668.45,3430.48,3497.85,3527.07,21090.37940866,Ethereum,-0.04651065919426995
2024-06-12,3497.02,3655.47,3464.12,3559.28,3567.53,18476.11561094,Ethereum,0.0174097831878959
2024-06-13,3559.26,3559.26,3428.75,3468.9,3483.36,11377.88342119,Ethereum,-0.025720736397318044
2024-06-14,3468.90,3529.49,3364.01,3480.1,3443.03,15806.67821475,Ethereum,0.0032234881848176725
2024-06-15,3480.11,3592.00,3473.88,3564.36,3542.25,8701.12570213,Ethereum,0.02392348560268973
2024-06-16,3564.36,3649.99,3542.03,3620.19,3578.47,4671.76635326,Ethereum,0.015541996039777017
2024-06-17,3620.93,3634.61,3465.00,3511.23,3529.76,16336.43499634,Ethereum,-0.030560107205295083
2024-06-18,3511.23,3513.81,3350.00,3481.86,3424.71,22926.06146939,Ethereum,-0.00839976968290894
2024-06-19,3482.11,3586.45,3465.69,3557.63,3542.02,22822.50463694,Ethereum,0.021527959070051315
2024-06-20,3557.63,3620.00,3482.61,3511.96,3555.00,15116.00991145,Ethereum,-0.012920306643651572
2024-06-21,3511.96,3543.60,3443.90,3517.25,3497.38,17459.77504219,Ethereum,0.0015051480888164145
2024-06-22,3517.08,3519.50,3476.00,3495.55,3495.90,6121.83428568,Ethereum,-0.00618870330230728
2024-06-23,3494.48,3519.43,3408.00,3418.34,3472.96,4084.72521579,Ethereum,-0.02233567785038394
2024-06-24,3418.35,3429.73,3230.00,3350.33,3318.50,18971.64087155,Ethereum,-0.020096204674374264
2024-06-25,3350.82,3426.91,3334.93,3394.93,3378.53,8349.80348916,Ethereum,0.013224293793272827
2024-06-26,3394.93,3424.85,3328.14,3367.66,3373.99,9064.78574042,Ethereum,-0.008065001075883827
2024-06-27,3367.67,3470.72,3362.00,3445.39,3434.01,12731.92628949,Ethereum,0.022818964439791752
2024-06-28,3445.40,3482.00,3362.00,3374.22,3419.33,8524.46131393,Ethereum,-0.02087291910220722
2024-06-29,3374.23,3400.00,3366.70,3372.93,3382.26,2834.96876985,Ethereum,-0.00038238367776561823
2024-06-30,3372.93,3451.84,3350.00,3432.23,3396.34,4020.66676248,Ethereum,0.017428392871910996
2024-07-01,3432.23,3516.66,3422.08,3438.36,3476.16,9122.53113764,Ethereum,0.0017844178233799885
2024-07-02,3438.32,3458.72,3398.39,3415.81,3428.57,6470.74606226,Ethereum,-0.0065799597500785425
2024-07-03,3415.81,3426.49,3250.59,3292.88,3311.19,11308.82585570,Ethereum,-0.03665209197561783
2024-07-04,3292.89,3307.71,3052.75,3057.47,3160.95,13675.36775548,Ethereum,-0.07417478520172774
2024-07-05,3057.57,3105.65,2811.35,2981.95,2939.37,28134.04759712,Ethereum,-0.02501032766150927
2024-07-06,2981.79,3080.02,2956.05,3068.53,3016.55,5136.01509979,Ethereum,0.028621170631427564
2024-07-07,3067.56,3072.65,2922.08,2929.7,2999.64,8410.58025838,Ethereum,-0.0462985908547555
2024-07-08,2929.71,3093.18,2825.01,3017.22,2960.54,11056.87750181,Ethereum,0.02943584892934713
2024-07-09,3017.22,3110.84,3004.88,3066.5,3064.99,7492.21485044,Ethereum,0.016200968446196267
2024-07-10,3066.50,3149.45,3024.37,3102.21,3099.01,8031.91731765,Ethereum,0.011577914638209513
2024-07-11,3102.21,3213.77,3055.66,3098.64,3130.03,10765.89669362,Ethereum,-0.001151455169675252
2024-07-12,3098.64,3155.44,3048.46,3133.65,3100.04,8803.82690924,Ethereum,0.01123515377859531
2024-07-13,3133.83,3200.10,3115.00,3177.16,3152.03,5489.94202839,Ethereum,0.013789256664933774
2024-07-14,3176.66,3266.29,3166.31,3246.69,3208.47,9525.15863338,Ethereum,0.02164829982286001
2024-07-15,3246.35,3493.29,3235.03,3486.35,3369.28,17811.86230073,Ethereum,0.07121932784552595
2024-07-16,3486.38,3497.51,3350.00,3442.5,3431.08,13355.43088788,Ethereum,-0.01265739204367809
2024-07-17,3442.99,3516.04,3376.50,3387.54,3458.74,10507.35176392,Ethereum,-0.01609395736648765
2024-07-18,3387.46,3487.04,3369.35,3425.49,3429.58,9556.92147693,Ethereum,0.01114053292051363
2024-07-19,3425.49,3540.89,3378.00,3505.15,3470.57,11871.37776295,Ethereum,0.022988788401837715
2024-07-20,3505.52,3538.73,3482.33,3518.62,3505.28,4950.85700919,Ethereum,0.0038355517090127244
2024-07-21,3518.01,3545.00,3412.19,3534.56,3490.53,9450.26883950,Ethereum,0.004519954726188283
2024-07-22,3534.57,3563.21,3427.00,3440.38,3485.18,9559.18997461,Ethereum,-0.027006891610973305
2024-07-23,3441.07,3540.34,3390.50,3480.96,3472.34,17035.97678868,Ethereum,0.01172618741163975
2024-07-24,3480.97,3485.40,3302.00,3336.11,3400.87,12705.32213049,Ethereum,-0.04250266023841858
2024-07-25,3336.11,3340.26,3087.72,3173.35,3178.25,17307.32391661,Ethereum,-0.0500176453517733
2024-07-26,3173.35,3286.07,3171.12,3275.76,3254.23,10841.05138656,Ethereum,0.03176209101170045
2024-07-27,3274.94,3327.57,3195.00,3249.22,3274.63,7581.06151351,Ethereum,-0.008134935696875512
2024-07-28,3249.23,3281.83,3201.50,3270.02,3254.53,2495.53215923,Ethereum,0.006381133561372031
2024-07-29,3269.63,3395.00,3258.44,3319.69,3329.95,10505.85483893,Ethereum,0.015075303976436114
2024-07-30,3318.82,3362.85,3231.43,3278.39,3312.09,7996.18879507,Ethereum,-0.012518956845422658
2024-07-31,3278.39,3347.76,3215.64,3230.87,3269.65,11758.84202921,Ethereum,-0.014600997417813252
2024-08-01,3231.38,3240.15,3079.55,3201.93,3150.44,11089.09939650,Ethereum,-0.008997697812713402
2024-08-02,3201.94,3214.79,2966.00,2985.96,3084.70,15305.03242714,Ethereum,-0.06983244981890964
2024-08-03,2985.96,3013.47,2859.29,2902.03,2936.83,13236.52230617,Ethereum,-0.028510811073284348
2024-08-04,2902.20,2931.90,2628.00,2687.17,2775.29,17392.66031609,Ethereum,-0.07692189688998989
2024-08-05,2687.18,2694.76,1911.81,2417.54,2334.05,96378.57354593,Ethereum,-0.10573810098966911
2024-08-06,2419.84,2555.15,2416.60,2461.39,2500.64,21694.55293262,Ethereum,0.01797573679227505
2024-08-07,2462.53,2552.41,2311.07,2343.07,2424.46,18968.43861717,Ethereum,-0.049264195712885324
2024-08-08,2343.40,2722.73,2321.71,2685.81,2533.61,24186.70188655,Ethereum,0.13652032313700102
2024-08-09,2685.28,2706.40,2555.01,2600.02,2633.18,13699.81865425,Ethereum,-0.032463221137890415
2024-08-10,2600.19,2644.37,2578.89,2609.2,2612.18,2650.34077042,Ethereum,0.0035245236342607528
2024-08-11,2609.21,2719.11,2539.84,2553.06,2610.48,8524.61583020,Ethereum,-0.021751021193986995
2024-08-12,2555.79,2748.86,2511.00,2723.29,2650.32,16078.54920928,Ethereum,0.06454806845868466
2024-08-13,2722.95,2737.19,2613.58,2703.0,2686.97,13591.89738249,Ethereum,-0.007478440910191092
2024-08-14,2703.01,2778.99,2635.00,2664.15,2697.99,12943.85119610,Ethereum,-0.014477209895002027
2024-08-15,2664.16,2675.11,2514.38,2570.08,2588.04,18533.09183518,Ethereum,-0.0359480305719896
2024-08-16,2570.09,2631.60,2550.93,2593.43,2603.66,14129.17162308,Ethereum,0.009044297064440899
2024-08-17,2593.50,2626.09,2588.86,2613.74,2603.72,3296.78637741,Ethereum,0.00780082194101524
2024-08-18,2613.74,2685.35,2596.75,2612.65,2650.27,8207.72502268,Ethereum,-0.00041711392215398283
2024-08-19,2612.70,2646.46,2561.87,2637.92,2599.36,8211.84501836,Ethereum,0.009625695920110202
2024-08-20,2637.86,2695.07,2557.06,2573.45,2616.24,6711.07839401,Ethereum,-0.024743316702272693
2024-08-21,2573.05,2662.70,2536.68,2629.76,2604.91,10084.80126897,Ethereum,0.021645176144394564
2024-08-22,2629.77,2644.94,2586.27,2623.19,2618.63,6319.95158198,Ethereum,-0.0025014528696648826
2024-08-23,2623.19,2800.00,2623.18,2764.61,2700.38,11729.34541452,Ethereum,0.052508441798195825
2024-08-24,2764.88,2820.53,2733.71,2769.76,2773.39,9276.52495903,Ethereum,0.0018610976448982827
2024-08-25,2769.77,2792.86,2735.83,2747.0,2763.60,4038.87037911,Ethereum,-0.008251266733145609
2024-08-26,2747.01,2761.38,2669.69,2681.1,2713.51,8612.93163115,Ethereum,-0.02428224903981789
2024-08-27,2681.11,2700.18,2394.00,2458.44,2567.84,15315.79276507,Ethereum,-0.08670015562634803
2024-08-28,2458.44,2553.69,2421.00,2528.36,2476.29,19865.13388895,Ethereum,0.028043868762292916
2024-08-29,2528.37,2596.82,2505.87,2528.61,2550.66,9562.55658006,Ethereum,9.887343614994195e-05
2024-08-30,2528.62,2551.74,2431.12,2526.84,2493.16,15217.04057393,Ethereum,-0.0007002344291104767
2024-08-31,2526.84,2533.33,2493.08,2512.79,2517.56,2493.48370007,Ethereum,-0.005575820606245606
2024-09-01,2512.65,2514.58,2401.00,2427.5,2468.43,17572.94300297,Ethereum,-0.034531768426714606
2024-09-02,2427.51,2564.36,2424.61,2538.48,2490.43,10960.41814638,Ethereum,0.044703555522427066
2024-09-03,2538.49,2551.53,2414.30,2422.26,2467.25,10101.29416108,Ethereum,-0.046864488038292296
2024-09-04,2424.81,2488.55,2308.00,2450.08,2402.74,15896.27490611,Ethereum,0.011419688417282742
2024-09-05,2450.40,2465.48,2347.60,2368.47,2389.41,8336.76045531,Ethereum,-0.03387650002776726
2024-09-06,2368.17,2406.23,2150.00,2224.45,2271.87,24793.74641602,Ethereum,-0.06273448300675943
2024-09-07,2224.45,2309.57,2222.00,2273.1,2248.40,10158.32377342,Ethereum,0.021634844573066508
2024-09-08,2273.11,2333.02,2242.87,2296.92,2281.11,5762.04835190,Ethereum,0.010424556440581363
2024-09-09,2297.31,2380.00,2274.57,2359.08,2328.41,10166.24451566,Ethereum,0.026702617461496735
2024-09-10,2359.08,2398.00,2321.78,2387.78,2358.50,6679.17892847,Ethereum,0.012092351457814057
2024-09-11,2387.78,2389.30,2278.81,2339.99,2332.88,9148.13407412,Ethereum,-0.020217408126987465
2024-09-12,2340.00,2390.00,2315.98,2361.34,2348.92,6591.83086741,Ethereum,0.00908259865597996
2024-09-13,2361.34,2465.00,2338.17,2440.89,2412.56,8555.96802353,Ethereum,0.03313347238468185
2024-09-14,2441.43,2442.15,2381.00,2416.99,2422.92,10018.42273076,Ethereum,-0.009839762544444011
2024-09-15,2417.00,2429.52,2286.06,2316.87,2376.94,3905.95695876,Ethereum,-0.04230582751120135
2024-09-16,2316.26,2333.53,2253.06,2295.03,2289.47,8896.80118591,Ethereum,-0.00947122151872462
2024-09-17,2295.03,2392.12,2262.99,2341.69,2331.44,8919.56898530,Ethereum,0.020126975592369905
2024-09-18,2341.69,2374.85,2277.26,2374.75,2319.48,10610.49035551,Ethereum,0.01401927787328795
2024-09-19,2374.47,2493.44,2374.09,2464.52,2443.34,17506.74997719,Ethereum,0.037104893578568506
2024-09-20,2464.52,2570.30,2437.90,2561.44,2538.10,18766.28708682,Ethereum,0.03857253798092394
2024-09-21,2561.60,2623.53,2530.01,2615.0,2562.10,22753.50648389,Ethereum,0.020694497169238893
2024-09-22,2615.01,2633.03,2528.08,2581.99,2584.42,25518.64134239,Ethereum,-0.01270367806662801
2024-09-23,2582.00,2701.15,2541.35,2646.91,2652.43,35172.38885486,Ethereum,0.024832502461094814
2024-09-24,2647.16,2669.98,2592.47,2653.13,2633.44,12109.04930820,Ethereum,0.0023471531745287845
2024-09-25,2653.14,2672.53,2554.51,2580.05,2608.19,8222.41470536,Ethereum,-0.027931296495181217
2024-09-26,2579.15,2664.49,2559.60,2632.14,2631.54,9422.33447424,Ethereum,0.019988424947114655
2024-09-27,2632.14,2728.44,2617.20,2695.01,2681.65,10495.39831393,Ethereum,0.023604711391400197
2024-09-28,2695.01,2702.63,2650.66,2678.61,2680.14,5321.16863577,Ethereum,-0.006103911671788004
2024-09-29,2675.74,2683.66,2635.50,2657.89,2657.17,5689.95466805,Ethereum,-0.007765428322359824
2024-09-30,2658.03,2662.14,2575.40,2602.97,2619.31,8302.72305578,Ethereum,-0.02087947415232783
2024-10-01,2602.42,2656.03,2413.97,2448.27,2543.97,20433.23534175,Ethereum,-0.061271448096962236
2024-10-02,2447.38,2498.17,2352.33,2363.93,2430.38,12628.53229529,Ethereum,-0.035056164409438456
2024-10-03,2363.92,2402.24,2311.08,2349.46,2349.77,6348.24378665,Ethereum,-0.006139973759445727
2024-10-04,2349.46,2439.00,2339.60,2414.51,2399.58,9910.18167761,Ethereum,0.0273108534502223
2024-10-05,2414.59,2428.20,2391.00,2414.78,2414.60,4111.84753101,Ethereum,0.00011181767931977798
2024-10-06,2414.76,2455.05,2407.22,2440.03,2436.77,5419.17600266,Ethereum,0.010402148665058154
2024-10-07,2439.82,2519.00,2405.01,2422.1,2472.04,13521.54969980,Ethereum,-0.007375401841350172
2024-10-08,2422.27,2462.83,2401.20,2439.22,2432.97,6535.60834425,Ethereum,0.007043383597791693
2024-10-09,2439.23,2471.13,2350.83,2366.78,2412.29,6980.24855646,Ethereum,-0.030147934511392936
2024-10-10,2366.79,2416.23,2329.07,2383.76,2377.74,10618.85609124,Ethereum,0.007148691437941813
2024-10-11,2383.97,2469.98,2380.50,2436.86,2434.12,6405.23972872,Ethereum,0.0220312523168278
2024-10-12,2436.87,2488.34,2433.52,2477.11,2462.03,5363.24307756,Ethereum,0.01638223276861988
2024-10-13,2477.11,2482.23,2436.06,2466.4,2461.72,6924.25559948,Ethereum,-0.004332960490128521
2024-10-14,2466.40,2650.00,2442.47,2628.13,2566.13,13642.49551434,Ethereum,0.06351296908458998
2024-10-15,2628.14,2684.97,2538.00,2605.99,2600.91,14943.61468592,Ethereum,-0.008459925277644435
2024-10-16,2605.99,2644.31,2589.36,2610.42,2616.79,9084.05010588,Ethereum,0.001698486531922611
2024-10-17,2610.43,2646.75,2576.01,2603.04,2613.40,5990.24615467,Ethereum,-0.0028311351499483925
2024-10-18,2603.05,2673.41,2595.53,2641.79,2635.95,9171.54260113,Ethereum,0.014776724923835706
2024-10-19,2641.79,2660.99,2630.99,2648.53,2643.56,1715.12505085,Ethereum,0.0025480514020541868
2024-10-20,2648.53,2756.35,2635.22,2745.32,2692.79,9009.99646620,Ethereum,0.035892874654460005
2024-10-21,2745.33,2765.98,2656.61,2665.78,2699.54,10285.41903824,Ethereum,-0.029400946037728245
2024-10-22,2665.78,2670.00,2605.57,2618.99,2630.00,10716.22471274,Ethereum,-0.0177079504543007
2024-10-23,2618.99,2624.11,2445.86,2523.56,2541.66,10395.38099713,Ethereum,-0.03711814425062922
2024-10-24,2523.57,2558.00,2506.13,2534.07,2531.49,7382.40051698,Ethereum,0.004156102810380338
2024-10-25,2534.23,2562.34,2379.82,2436.72,2494.52,14622.96341449,Ethereum,-0.039173833147855636
2024-10-26,2436.73,2502.82,2427.61,2478.86,2460.16,8984.90587036,Ethereum,0.017145904394543006
2024-10-27,2478.87,2522.03,2462.49,2505.42,2483.33,8143.44768851,Ethereum,0.010657608079854003
2024-10-28,2505.42,2590.00,2470.37,2564.97,2524.93,24682.31945481,Ethereum,0.023490397494565492
2024-10-29,2564.97,2680.00,2560.00,2636.08,2611.68,31063.37398671,Ethereum,0.027346182545493463
2024-10-30,2636.09,2719.30,2594.97,2656.19,2669.14,14019.85246324,Ethereum,0.0075998000067820015
2024-10-31,2656.20,2666.30,2500.97,2515.07,2578.88,9461.35526235,Ethereum,-0.05459212903381798
2024-11-01,2515.09,2582.98,2465.47,2512.19,2519.69,15913.89051429,Ethereum,-0.00114575347806179
2024-11-02,2512.19,2520.07,2470.69,2491.03,2492.49,7076.79370887,Ethereum,-0.008458603124693365
2024-11-03,2491.78,2494.38,2411.88,2455.53,2444.12,13563.17589015,Ethereum,-0.014353655670091583
2024-11-04,2455.54,2487.67,2357.77,2395.92,2427.72,10987.46331593,Ethereum,-0.024575333179370686
2024-11-05,2395.92,2478.28,2379.90,2422.26,2437.11,12245.98320682,Ethereum,0.010933697953335422
2024-11-06,2422.26,2746.07,2421.56,2723.26,2619.87,33314.86540340,Ethereum,0.1171287033891872
2024-11-07,2723.26,2919.01,2701.38,2896.87,2840.22,25284.36024055,Ethereum,0.0618011517160859
2024-11-08,2896.95,2984.21,2889.29,2962.95,2932.05,24964.20014945,Ethereum,0.022554549887231386
2024-11-09,2963.10,3157.20,2957.24,3129.5,3047.05,24026.77008870,Ethereum,0.054687853722637
2024-11-10,3128.19,3249.64,3070.82,3186.05,3176.82,36672.83164995,Ethereum,0.01790865764185506
2024-11-11,3186.18,3390.87,3108.67,3375.78,3263.69,44592.90884882,Ethereum,0.05784450370907137
2024-11-12,3375.76,3443.97,3208.13,3248.11,3314.49,38576.85720388,Ethereum,-0.038553120012513785
2024-11-13,3247.87,3340.17,3122.24,3190.95,3217.63,26257.44240136,Ethereum,-0.017754610616943733
2024-11-14,3191.47,3241.47,3031.47,3059.32,3167.32,24270.44099623,Ethereum,-0.042126009057037395
2024-11-15,3059.55,3130.32,3015.98,3090.47,3065.25,15814.78802707,Ethereum,0.010130513855900422
2024-11-16,3090.48,3218.81,3075.00,3133.41,3142.66,11598.28805158,Ethereum,0.013798685490665246
2024-11-17,3133.66,3160.60,3038.53,3075.21,3106.64,9933.06252430,Ethereum,-0.01874867678404724
2024-11-18,3075.21,3224.82,3051.95,3210.32,3132.98,19573.62843733,Ethereum,0.042997429037310186
2024-11-19,3209.50,3223.32,3069.47,3110.92,3121.87,14244.07826118,Ethereum,-0.03145211826613512
2024-11-20,3111.78,3159.90,3033.90,3072.09,3088.81,12058.71046643,Ethereum,-0.012560390649463305
2024-11-21,3072.07,3387.65,3036.00,3360.9,3279.20,38093.33593934,Ethereum,0.08985068351936959
2024-11-22,3360.90,3427.98,3261.11,3331.54,3329.57,26226.08428019,Ethereum,-0.00877413569864217
2024-11-23,3332.12,3499.00,3318.18,3397.28,3406.20,36034.97990308,Ethereum,0.01954045189933848
2024-11-24,3397.44,3451.00,3288.00,3364.84,3360.46,16030.12625862,Ethereum,-0.009594697776344606
2024-11-25,3364.53,3545.69,3305.12,3413.65,3456.14,42966.56496076,Ethereum,0.01440168640256075
2024-11-26,3413.65,3459.47,3254.78,3323.32,3346.29,20877.38539144,Ethereum,-0.026817816816082116
2024-11-27,3323.34,3688.00,3302.49,3657.55,3518.03,40846.83247125,Ethereum,0.09582924109720704
2024-11-28,3657.17,3665.12,3531.36,3578.35,3605.42,22961.62647675,Ethereum,-0.021891724045046246
2024-11-29,3579.53,3647.00,3535.69,3593.87,3591.01,14000.20890224,Ethereum,0.004327815996752689
2024-11-30,3593.83,3737.46,3572.00,3706.1,3674.11,21891.23238662,Ethereum,0.030750494459104306
2024-12-01,3706.12,3748.14,3662.94,3712.6,3709.25,27446.79418845,Ethereum,0.0017523290234872301
2024-12-02,3712.61,3762.46,3557.13,3644.76,3653.99,27789.95248097,Ethereum,-0.018441920121549826
2024-12-03,3644.76,3670.00,3505.10,3617.8,3595.27,19421.30580643,Ethereum,-0.007424413386038373
2024-12-04,3617.22,3895.00,3617.22,3844.31,3788.35,36297.72930158,Ethereum,0.06072802673229253
2024-12-05,3844.10,3956.00,3680.00,3791.3,3868.44,45516.40677417,Ethereum,-0.013885164821554281
2024-12-06,3790.01,4093.00,3782.72,4005.25,3972.16,37314.07520426,Ethereum,0.054897032348550735
2024-12-07,4005.21,4029.99,3973.54,4000.49,4001.40,14085.46081657,Ethereum,-0.0011891469273083422
2024-12-08,4000.28,4017.61,3928.00,4006.8,3984.71,12535.50822325,Ethereum,0.0015760641380939478
2024-12-09,4006.79,4007.96,3488.00,3717.0,3760.30,39318.74127727,Ethereum,-0.07507602644035712
2024-12-10,3716.27,3780.00,3519.10,3630.45,3645.40,28694.48186077,Ethereum,-0.023560283779473345
2024-12-11,3630.25,3850.04,3567.00,3834.0,3751.44,23438.70084201,Ethereum,0.05455203708781107
2024-12-12,3834.00,3988.55,3802.28,3882.68,3918.69,23810.36525335,Ethereum,0.012616992222805445
2024-12-13,3882.69,3967.21,3855.00,3907.75,3915.88,13770.34861000,Ethereum,0.0064361239471854795
2024-12-14,3907.89,3943.52,3825.00,3869.81,3880.83,8039.67605465,Ethereum,-0.009756350564217054
2024-12-15,3869.32,3972.06,3832.13,3954.5,3899.58,9797.00938306,Ethereum,0.021648760748108457
2024-12-16,3955.82,4107.00,3884.69,3987.53,3999.53,26144.73709648,Ethereum,0.008317820616298384
2024-12-17,3987.53,4041.23,3850.00,3893.52,3971.61,18353.90909475,Ethereum,-0.023858358805517184
2024-12-18,3893.42,3903.21,3615.38,3624.84,3765.50,33305.02750252,Ethereum,-0.07150348338661962
2024-12-19,3624.85,3718.46,3324.01,3414.63,3512.46,34443.16226905,Ethereum,-0.059741007782951515
2024-12-20,3414.61,3496.75,3096.65,3472.0,3327.92,45125.38971130,Ethereum,0.016661655179558733
2024-12-21,3472.01,3553.48,3293.51,3337.39,3425.14,15465.74991821,Ethereum,-0.039541732416387226
2024-12-22,3337.39,3398.08,3220.00,3276.69,3320.57,9760.97846811,Ethereum,-0.01835529785811981
2024-12-23,3276.70,3460.96,3216.33,3417.84,3352.01,16085.34859588,Ethereum,0.04217500607354828
2024-12-24,3418.13,3534.69,3354.91,3490.91,3440.47,15220.98989849,Ethereum,0.02115367461479848
2024-12-25,3490.91,3543.46,3440.00,3494.01,3481.40,4523.22040883,Ethereum,0.0008876265450531015
2024-12-26,3494.01,3509.19,3301.90,3331.04,3378.43,8591.10196181,Ethereum,-0.04776550621167006
2024-12-27,3330.89,3435.00,3302.00,3327.59,3360.38,12708.40357759,Ethereum,-0.0010362492911367284
2024-12-28,3327.94,3418.35,3316.91,3398.39,3361.80,5730.59986135,Ethereum,0.021053471805703668
2024-12-29,3397.90,3406.86,3322.72,3349.5,3374.73,7692.09326016,Ethereum,-0.014490709093708117
2024-12-30,3349.50,3430.01,3296.67,3355.59,3370.54,14071.05075894,Ethereum,0.001816530926398007
2024-12-31,3355.59,3444.97,3312.09,3333.3,3371.63,7580.74283203,Ethereum,-0.006664807616647375
2025-01-01,3333.30,3365.00,3310.00,3354.0,3342.07,7408.39893614,Ethereum,0.00619085912508136
2025-01-02,3354.01,3502.89,3348.09,3451.94,3439.70,14594.91641574,Ethereum,0.028782728440835563
2025-01-03,3452.31,3626.87,3422.19,3607.57,3539.57,17530.98129415,Ethereum,0.04409802365518457
2025-01-04,3607.28,3668.77,3574.25,3657.58,3620.58,7867.50006327,Ethereum,0.013767311039875496
2025-01-05,3657.59,3673.97,3593.37,3635.44,3628.42,6286.78894375,Ethereum,-0.006071577484810453
2025-01-06,3635.45,3742.25,3611.12,3688.57,3674.95,10772.97666662,Ethereum,0.014508700014336476
2025-01-07,3688.58,3698.95,3356.69,3380.7,3530.32,25663.18930499,Ethereum,-0.08715606042216266
2025-01-08,3380.67,3414.55,3210.73,3326.34,3317.80,23962.34627540,Ethereum,-0.016210188203380212
2025-01-09,3326.40,3355.00,3159.16,3219.04,3241.30,22821.45019896,Ethereum,-0.03278942198210697
2025-01-10,3218.80,3320.00,3194.91,3266.05,3272.41,12562.09592819,Ethereum,0.014498125219084187
2025-01-11,3266.06,3317.80,3220.26,3282.32,3269.23,5421.89107030,Ethereum,0.004969185760522757
2025-01-12,3281.68,3295.83,3225.29,3264.98,3267.23,3855.18908716,Ethereum,-0.005296852303035484
2025-01-13,3265.24,3335.86,2920.00,3136.15,3085.48,27425.86934353,Ethereum,-0.04025770415844191
2025-01-14,3136.15,3255.25,3126.06,3222.73,3202.89,9781.12405623,Ethereum,0.027232893464830685
2025-01-15,3222.73,3473.02,3186.61,3451.43,3313.58,14326.57736837,Ethereum,0.06855981147675065
2025-01-16,3451.43,3456.84,3265.46,3307.25,3343.85,17898.45206150,Ethereum,-0.042671609558147486
2025-01-17,3307.26,3526.00,3306.82,3473.69,3421.84,22178.63796414,Ethereum,0.04910040116491036
2025-01-18,3473.69,3494.68,3227.90,3306.14,3317.56,26305.19765281,Ethereum,-0.04943608377562089
2025-01-19,3306.14,3445.01,3125.40,3210.68,3318.68,52361.86316029,Ethereum,-0.029298593035989095
2025-01-20,3209.30,3444.00,3141.80,3278.11,3303.33,45616.72080957,Ethereum,0.02078428409194005
2025-01-21,3279.03,3364.82,3202.14,3327.15,3294.22,22864.05226624,Ethereum,0.014849044877178336
2025-01-22,3327.23,3363.77,3222.41,3239.35,3288.10,15768.57457524,Ethereum,-0.02674338928882282
2025-01-23,3239.35,3346.92,3181.79,3337.96,3243.90,25785.02087467,Ethereum,0.029987149550408508
2025-01-24,3338.84,3427.00,3276.45,3309.92,3362.59,22297.82490878,Ethereum,-0.008435822031754768
2025-01-25,3309.92,3349.75,3270.00,3316.31,3305.31,9849.69436275,Ethereum,0.0019286991187555359
2025-01-26,3316.32,3359.15,3295.00,3299.99,3330.23,2492.60142858,Ethereum,-0.00493328086654486
